{
  "rewrites": [
    { "source": "/authentication/step-1", "destination": "/authentication/step-1.html" },
    { "source": "/authentication/step-2", "destination": "/authentication/step-2.html" },
    { "source": "/authentication/step-3", "destination": "/authentication/step-3.html" },
    { "source": "/collections/collection-posts", "destination": "/collections/collection-posts.html" },
    { "source": "/collections/collection-posts-empty", "destination": "/collections/collection-posts-empty.html" },
    { "source": "/create-new-post", "destination": "/create-new-post/create-new-post.html" },
    { "source": "/messages", "destination": "/messages/messages.html" },
    { "source": "/notifications", "destination": "/notifications/notifications.html" },
    { "source": "/notification-empty", "destination": "/notifications/notification-empty.html" },
    { "source": "/settings/my-profile", "destination": "/settings/my-profile-setting.html" },
    { "source": "/settings/subscription", "destination": "/settings/subscription-settings.html" },
    { "source": "/settings/packages-empty", "destination": "/settings/packages-empty.html" },
    { "source": "/settings/my-subscriptions", "destination": "/settings/my-subscriptions.html" },
    { "source": "/settings/my-subscriptions-empty", "destination": "/settings/my-subscriptions-empty.html" },
    { "source": "/settings/my-interests", "destination": "/settings/my-interests.html" },
    { "source": "/settings/payment-details", "destination": "/settings/payment-details.html" },
    { "source": "/settings/payment-details-empty", "destination": "/settings/payment-details-empty.html" },
    { "source": "/profiles/my-profile", "destination": "/profiles/my-profile.html" },
    { "source": "/profiles/other-user-profile", "destination": "/profiles/other-user-profile.html" },
    { "source": "/team/team-members", "destination": "/team/team-members.html" },
    { "source": "/team/team-members-empty", "destination": "/team/team-members-empty.html" },
    { "source": "/team/invitation-rejected", "destination": "/team/invitation-rejected.html" },
    { "source": "/team/invitation-rejected-empty", "destination": "/team/invitation-rejected-empty.html" },
    { "source": "/team/invitation-sent", "destination": "/team/invitation-sent.html" },
    { "source": "/team/invitation-sent-empty", "destination": "/team/invitation-sent-empty.html" },
    { "source": "/my-posts/my-posts", "destination": "/my-posts/my-posts.html" },
    { "source": "/my-earnings/my-earnings-tips", "destination": "/my-earnings/my-earnings-tips.html" },
    { "source": "/my-earnings/my-earnings-tips-empty", "destination": "/my-earnings/my-earnings-tips-empty.html" },
    { "source": "/my-earnings/my-earnings-paid-posts", "destination": "/my-earnings/my-earnings-paid-posts.html" },
    { "source": "/my-earnings/my-earnings-paid-posts-empty", "destination": "/my-earnings/my-earnings-paid-posts-empty.html" },
    { "source": "/my-earnings/my-earnings-subscriptions", "destination": "/my-earnings/my-earnings-subscriptions.html" },
    { "source": "/my-earnings/my-earnings-subscriptions-empty", "destination": "/my-earnings/my-earnings-subscriptions-empty.html" },
    { "source": "/multi-user-account/multi-user-account", "destination": "/multi-user-account/multi-user-account.html" },
    { "source": "/search/search", "destination": "/search/search.html" },
    { "source": "/partners/partners", "destination": "/partners/partners.html" },
    { "source": "/partners/partners-empty", "destination": "/partners/partners-empty.html" },
    { "source": "/fans/fans", "destination": "/fans/fans.html" },
    { "source": "/become-a-creator/become-a-creator", "destination": "/become-a-creator/become-a-creator.html" }
  ]
}
